CN,OU,dc1,dc2,dsadd OU,,,,"dsadd OU ""OU=Lab,dc=thanghnm,dc=com"""
user1,Lab,thanghnm,com,dsadd user,CN,OU,dc,"dsadd user ""CN=user1,OU=Lab,dc=thanghnm,dc=com"""
user2,Lab,thanghnm,com,dsadd user,CN,OU,dc,"dsadd user ""CN=user2,OU=Lab,dc=thanghnm,dc=com"""
user3,Lab,thanghnm,com,dsadd user,CN,OU,dc,"dsadd user ""CN=user3,OU=Lab,dc=thanghnm,dc=com"""
user4,Lab,thanghnm,com,dsadd user,CN,OU,dc,"dsadd user ""CN=user4,OU=Lab,dc=thanghnm,dc=com"""
user5,Lab,thanghnm,com,dsadd user,CN,OU,dc,"dsadd user ""CN=user5,OU=Lab,dc=thanghnm,dc=com"""
user6,Lab,thanghnm,com,dsadd user,CN,OU,dc,"dsadd user ""CN=user6,OU=Lab,dc=thanghnm,dc=com"""
user7,Lab,thanghnm,com,dsadd user,CN,OU,dc,"dsadd user ""CN=user7,OU=Lab,dc=thanghnm,dc=com"""
user8,Lab,thanghnm,com,dsadd user,CN,OU,dc,"dsadd user ""CN=user8,OU=Lab,dc=thanghnm,dc=com"""
user9,Lab,thanghnm,com,dsadd user,CN,OU,dc,"dsadd user ""CN=user9,OU=Lab,dc=thanghnm,dc=com"""
user10,Lab,thanghnm,com,dsadd user,CN,OU,dc,"dsadd user ""CN=user10,OU=Lab,dc=thanghnm,dc=com"""
user11,Lab,thanghnm,com,dsadd user,CN,OU,dc,"dsadd user ""CN=user11,OU=Lab,dc=thanghnm,dc=com"""
user12,Lab,thanghnm,com,dsadd user,CN,OU,dc,"dsadd user ""CN=user12,OU=Lab,dc=thanghnm,dc=com"""
user13,Lab,thanghnm,com,dsadd user,CN,OU,dc,"dsadd user ""CN=user13,OU=Lab,dc=thanghnm,dc=com"""
user14,Lab,thanghnm,com,dsadd user,CN,OU,dc,"dsadd user ""CN=user14,OU=Lab,dc=thanghnm,dc=com"""
user15,Lab,thanghnm,com,dsadd user,CN,OU,dc,"dsadd user ""CN=user15,OU=Lab,dc=thanghnm,dc=com"""
user16,Lab,thanghnm,com,dsadd user,CN,OU,dc,"dsadd user ""CN=user16,OU=Lab,dc=thanghnm,dc=com"""
user17,Lab,thanghnm,com,dsadd user,CN,OU,dc,"dsadd user ""CN=user17,OU=Lab,dc=thanghnm,dc=com"""
user18,Lab,thanghnm,com,dsadd user,CN,OU,dc,"dsadd user ""CN=user18,OU=Lab,dc=thanghnm,dc=com"""
user19,Lab,thanghnm,com,dsadd user,CN,OU,dc,"dsadd user ""CN=user19,OU=Lab,dc=thanghnm,dc=com"""
user20,Lab,thanghnm,com,dsadd user,CN,OU,dc,"dsadd user ""CN=user20,OU=Lab,dc=thanghnm,dc=com"""
user21,Lab,thanghnm,com,dsadd user,CN,OU,dc,"dsadd user ""CN=user21,OU=Lab,dc=thanghnm,dc=com"""
user22,Lab,thanghnm,com,dsadd user,CN,OU,dc,"dsadd user ""CN=user22,OU=Lab,dc=thanghnm,dc=com"""
user23,Lab,thanghnm,com,dsadd user,CN,OU,dc,"dsadd user ""CN=user23,OU=Lab,dc=thanghnm,dc=com"""
user24,Lab,thanghnm,com,dsadd user,CN,OU,dc,"dsadd user ""CN=user24,OU=Lab,dc=thanghnm,dc=com"""
user25,Lab,thanghnm,com,dsadd user,CN,OU,dc,"dsadd user ""CN=user25,OU=Lab,dc=thanghnm,dc=com"""
user26,Lab,thanghnm,com,dsadd user,CN,OU,dc,"dsadd user ""CN=user26,OU=Lab,dc=thanghnm,dc=com"""
user27,Lab,thanghnm,com,dsadd user,CN,OU,dc,"dsadd user ""CN=user27,OU=Lab,dc=thanghnm,dc=com"""
user28,Lab,thanghnm,com,dsadd user,CN,OU,dc,"dsadd user ""CN=user28,OU=Lab,dc=thanghnm,dc=com"""
user29,Lab,thanghnm,com,dsadd user,CN,OU,dc,"dsadd user ""CN=user29,OU=Lab,dc=thanghnm,dc=com"""
user30,Lab,thanghnm,com,dsadd user,CN,OU,dc,"dsadd user ""CN=user30,OU=Lab,dc=thanghnm,dc=com"""
user31,Lab,thanghnm,com,dsadd user,CN,OU,dc,"dsadd user ""CN=user31,OU=Lab,dc=thanghnm,dc=com"""
user32,Lab,thanghnm,com,dsadd user,CN,OU,dc,"dsadd user ""CN=user32,OU=Lab,dc=thanghnm,dc=com"""
user33,Lab,thanghnm,com,dsadd user,CN,OU,dc,"dsadd user ""CN=user33,OU=Lab,dc=thanghnm,dc=com"""
user34,Lab,thanghnm,com,dsadd user,CN,OU,dc,"dsadd user ""CN=user34,OU=Lab,dc=thanghnm,dc=com"""
user35,Lab,thanghnm,com,dsadd user,CN,OU,dc,"dsadd user ""CN=user35,OU=Lab,dc=thanghnm,dc=com"""
user36,Lab,thanghnm,com,dsadd user,CN,OU,dc,"dsadd user ""CN=user36,OU=Lab,dc=thanghnm,dc=com"""
user37,Lab,thanghnm,com,dsadd user,CN,OU,dc,"dsadd user ""CN=user37,OU=Lab,dc=thanghnm,dc=com"""
user38,Lab,thanghnm,com,dsadd user,CN,OU,dc,"dsadd user ""CN=user38,OU=Lab,dc=thanghnm,dc=com"""
user39,Lab,thanghnm,com,dsadd user,CN,OU,dc,"dsadd user ""CN=user39,OU=Lab,dc=thanghnm,dc=com"""
user40,Lab,thanghnm,com,dsadd user,CN,OU,dc,"dsadd user ""CN=user40,OU=Lab,dc=thanghnm,dc=com"""
user41,Lab,thanghnm,com,dsadd user,CN,OU,dc,"dsadd user ""CN=user41,OU=Lab,dc=thanghnm,dc=com"""
user42,Lab,thanghnm,com,dsadd user,CN,OU,dc,"dsadd user ""CN=user42,OU=Lab,dc=thanghnm,dc=com"""
user43,Lab,thanghnm,com,dsadd user,CN,OU,dc,"dsadd user ""CN=user43,OU=Lab,dc=thanghnm,dc=com"""
user44,Lab,thanghnm,com,dsadd user,CN,OU,dc,"dsadd user ""CN=user44,OU=Lab,dc=thanghnm,dc=com"""
user45,Lab,thanghnm,com,dsadd user,CN,OU,dc,"dsadd user ""CN=user45,OU=Lab,dc=thanghnm,dc=com"""
user46,Lab,thanghnm,com,dsadd user,CN,OU,dc,"dsadd user ""CN=user46,OU=Lab,dc=thanghnm,dc=com"""
user47,Lab,thanghnm,com,dsadd user,CN,OU,dc,"dsadd user ""CN=user47,OU=Lab,dc=thanghnm,dc=com"""
user48,Lab,thanghnm,com,dsadd user,CN,OU,dc,"dsadd user ""CN=user48,OU=Lab,dc=thanghnm,dc=com"""
user49,Lab,thanghnm,com,dsadd user,CN,OU,dc,"dsadd user ""CN=user49,OU=Lab,dc=thanghnm,dc=com"""
user50,Lab,thanghnm,com,dsadd user,CN,OU,dc,"dsadd user ""CN=user50,OU=Lab,dc=thanghnm,dc=com"""
user51,Lab,thanghnm,com,dsadd user,CN,OU,dc,"dsadd user ""CN=user51,OU=Lab,dc=thanghnm,dc=com"""
user52,Lab,thanghnm,com,dsadd user,CN,OU,dc,"dsadd user ""CN=user52,OU=Lab,dc=thanghnm,dc=com"""
user53,Lab,thanghnm,com,dsadd user,CN,OU,dc,"dsadd user ""CN=user53,OU=Lab,dc=thanghnm,dc=com"""
user54,Lab,thanghnm,com,dsadd user,CN,OU,dc,"dsadd user ""CN=user54,OU=Lab,dc=thanghnm,dc=com"""
user55,Lab,thanghnm,com,dsadd user,CN,OU,dc,"dsadd user ""CN=user55,OU=Lab,dc=thanghnm,dc=com"""
user56,Lab,thanghnm,com,dsadd user,CN,OU,dc,"dsadd user ""CN=user56,OU=Lab,dc=thanghnm,dc=com"""
user57,Lab,thanghnm,com,dsadd user,CN,OU,dc,"dsadd user ""CN=user57,OU=Lab,dc=thanghnm,dc=com"""
user58,Lab,thanghnm,com,dsadd user,CN,OU,dc,"dsadd user ""CN=user58,OU=Lab,dc=thanghnm,dc=com"""
user59,Lab,thanghnm,com,dsadd user,CN,OU,dc,"dsadd user ""CN=user59,OU=Lab,dc=thanghnm,dc=com"""
user60,Lab,thanghnm,com,dsadd user,CN,OU,dc,"dsadd user ""CN=user60,OU=Lab,dc=thanghnm,dc=com"""
user61,Lab,thanghnm,com,dsadd user,CN,OU,dc,"dsadd user ""CN=user61,OU=Lab,dc=thanghnm,dc=com"""
user62,Lab,thanghnm,com,dsadd user,CN,OU,dc,"dsadd user ""CN=user62,OU=Lab,dc=thanghnm,dc=com"""
user63,Lab,thanghnm,com,dsadd user,CN,OU,dc,"dsadd user ""CN=user63,OU=Lab,dc=thanghnm,dc=com"""
user64,Lab,thanghnm,com,dsadd user,CN,OU,dc,"dsadd user ""CN=user64,OU=Lab,dc=thanghnm,dc=com"""
user65,Lab,thanghnm,com,dsadd user,CN,OU,dc,"dsadd user ""CN=user65,OU=Lab,dc=thanghnm,dc=com"""
user66,Lab,thanghnm,com,dsadd user,CN,OU,dc,"dsadd user ""CN=user66,OU=Lab,dc=thanghnm,dc=com"""
user67,Lab,thanghnm,com,dsadd user,CN,OU,dc,"dsadd user ""CN=user67,OU=Lab,dc=thanghnm,dc=com"""
user68,Lab,thanghnm,com,dsadd user,CN,OU,dc,"dsadd user ""CN=user68,OU=Lab,dc=thanghnm,dc=com"""
user69,Lab,thanghnm,com,dsadd user,CN,OU,dc,"dsadd user ""CN=user69,OU=Lab,dc=thanghnm,dc=com"""
user70,Lab,thanghnm,com,dsadd user,CN,OU,dc,"dsadd user ""CN=user70,OU=Lab,dc=thanghnm,dc=com"""
user71,Lab,thanghnm,com,dsadd user,CN,OU,dc,"dsadd user ""CN=user71,OU=Lab,dc=thanghnm,dc=com"""
user72,Lab,thanghnm,com,dsadd user,CN,OU,dc,"dsadd user ""CN=user72,OU=Lab,dc=thanghnm,dc=com"""
user73,Lab,thanghnm,com,dsadd user,CN,OU,dc,"dsadd user ""CN=user73,OU=Lab,dc=thanghnm,dc=com"""
user74,Lab,thanghnm,com,dsadd user,CN,OU,dc,"dsadd user ""CN=user74,OU=Lab,dc=thanghnm,dc=com"""
user75,Lab,thanghnm,com,dsadd user,CN,OU,dc,"dsadd user ""CN=user75,OU=Lab,dc=thanghnm,dc=com"""
user76,Lab,thanghnm,com,dsadd user,CN,OU,dc,"dsadd user ""CN=user76,OU=Lab,dc=thanghnm,dc=com"""
user77,Lab,thanghnm,com,dsadd user,CN,OU,dc,"dsadd user ""CN=user77,OU=Lab,dc=thanghnm,dc=com"""
user78,Lab,thanghnm,com,dsadd user,CN,OU,dc,"dsadd user ""CN=user78,OU=Lab,dc=thanghnm,dc=com"""
user79,Lab,thanghnm,com,dsadd user,CN,OU,dc,"dsadd user ""CN=user79,OU=Lab,dc=thanghnm,dc=com"""
user80,Lab,thanghnm,com,dsadd user,CN,OU,dc,"dsadd user ""CN=user80,OU=Lab,dc=thanghnm,dc=com"""
user81,Lab,thanghnm,com,dsadd user,CN,OU,dc,"dsadd user ""CN=user81,OU=Lab,dc=thanghnm,dc=com"""
user82,Lab,thanghnm,com,dsadd user,CN,OU,dc,"dsadd user ""CN=user82,OU=Lab,dc=thanghnm,dc=com"""
user83,Lab,thanghnm,com,dsadd user,CN,OU,dc,"dsadd user ""CN=user83,OU=Lab,dc=thanghnm,dc=com"""
user84,Lab,thanghnm,com,dsadd user,CN,OU,dc,"dsadd user ""CN=user84,OU=Lab,dc=thanghnm,dc=com"""
user85,Lab,thanghnm,com,dsadd user,CN,OU,dc,"dsadd user ""CN=user85,OU=Lab,dc=thanghnm,dc=com"""
user86,Lab,thanghnm,com,dsadd user,CN,OU,dc,"dsadd user ""CN=user86,OU=Lab,dc=thanghnm,dc=com"""
user87,Lab,thanghnm,com,dsadd user,CN,OU,dc,"dsadd user ""CN=user87,OU=Lab,dc=thanghnm,dc=com"""
user88,Lab,thanghnm,com,dsadd user,CN,OU,dc,"dsadd user ""CN=user88,OU=Lab,dc=thanghnm,dc=com"""
user89,Lab,thanghnm,com,dsadd user,CN,OU,dc,"dsadd user ""CN=user89,OU=Lab,dc=thanghnm,dc=com"""
user90,Lab,thanghnm,com,dsadd user,CN,OU,dc,"dsadd user ""CN=user90,OU=Lab,dc=thanghnm,dc=com"""
user91,Lab,thanghnm,com,dsadd user,CN,OU,dc,"dsadd user ""CN=user91,OU=Lab,dc=thanghnm,dc=com"""
user92,Lab,thanghnm,com,dsadd user,CN,OU,dc,"dsadd user ""CN=user92,OU=Lab,dc=thanghnm,dc=com"""
user93,Lab,thanghnm,com,dsadd user,CN,OU,dc,"dsadd user ""CN=user93,OU=Lab,dc=thanghnm,dc=com"""
user94,Lab,thanghnm,com,dsadd user,CN,OU,dc,"dsadd user ""CN=user94,OU=Lab,dc=thanghnm,dc=com"""
user95,Lab,thanghnm,com,dsadd user,CN,OU,dc,"dsadd user ""CN=user95,OU=Lab,dc=thanghnm,dc=com"""
user96,Lab,thanghnm,com,dsadd user,CN,OU,dc,"dsadd user ""CN=user96,OU=Lab,dc=thanghnm,dc=com"""
user97,Lab,thanghnm,com,dsadd user,CN,OU,dc,"dsadd user ""CN=user97,OU=Lab,dc=thanghnm,dc=com"""
user98,Lab,thanghnm,com,dsadd user,CN,OU,dc,"dsadd user ""CN=user98,OU=Lab,dc=thanghnm,dc=com"""
user99,Lab,thanghnm,com,dsadd user,CN,OU,dc,"dsadd user ""CN=user99,OU=Lab,dc=thanghnm,dc=com"""
user100,Lab,thanghnm,com,dsadd user,CN,OU,dc,"dsadd user ""CN=user100,OU=Lab,dc=thanghnm,dc=com"""
